strain,insertion: 20bp @ ref pos 0,insertion: 2bp @ ref pos 7,insertion: 1bp @ ref pos 61,insertion: 1bp @ ref pos 98,insertion: 226bp @ ref pos 288,insertion: 1bp @ ref pos 309,insertion: 2bp @ ref pos 696,insertion: 12bp @ ref pos 1376,insertion: 1bp @ ref pos 1779,insertion: 714bp @ ref pos 3805,insertion: 162bp @ ref pos 4246,insertion: 432bp @ ref pos 4440,insertion: 544bp @ ref pos 4641,insertion: 1bp @ ref pos 4859,insertion: 174bp @ ref pos 5133,insertion: 4bp @ ref pos 5146,insertion: 45bp @ ref pos 6526,insertion: 234bp @ ref pos 6533,insertion: 417bp @ ref pos 6641,insertion: 361bp @ ref pos 9420,insertion: 9bp @ ref pos 9467,insertion: 575bp @ ref pos 10011,insertion: 1bp @ ref pos 10532,insertion: 256bp @ ref pos 10755,insertion: 137bp @ ref pos 10769
KJ776791,AGTTGTTGATCTGTGT,,T,,,,,,,,,,,,,,,,,,,,,,TGTGGGGAAATCCATGGGTCT
MG827392,AGTTGTTGATCTGTGT,,T,,,,,,,,,,,,,,,,,,,,,,TGTGGGGAAATCCATGGGTCT
KX806557,AGTTGTTGATCTGTGT,,T,,,,,,,,,,,,,,,,,,,,,,TGTGGGGAAATCCATGGGTCT
MF783073,AGTTGTTGATCTGTGT,,T,,,,,,,,,,,,,,,,,,,,,,TGTGGGGAAATCCATGGGTCTT
PP316139,AGTTGTTGATCTGTGT,,T,,,,,,,,,,,,,,,,,,,,,,TGTGGGGAAATCCATGGGTCTT
PP316140,AGTTGTTGATCTGTGT,,T,,,,,,,,,,,,,,,,,,,,,,TGTGGGGAAATCCATGGGTCTT
MF073358,AGTTGTTGATCTGTGT,,T,,,,,,,,,,,,,,,,,,,,,,TGTGGGGAAATCCATGGGTCT
MF073359,AGTTGTTGATCTGTGT,,T,,,,,,,,,,,,,,,,,,,,,,TGTGGGGAAATCCATGGGTCT
MK566202,AGTTGTTGATCTGTGT,,T,,,,,,,,,,,,,,,,,,,,,,TGTGGGGAAATCCATGGGTCT
KU926309,AGTTGTTGATCTGTGT,,T,,,,,,,,,,,,,,,,,,,,,,TGTGGGGAAATCCATGGGTCT
KY272991,AGTTGTTGATCTGTGT,,T,,,,,,,,,,,,,,,,,,,,,,TGTGGGGAAATCCATGGGTCT
KU926310,AGTTGTTGATCTGTGT,,T,,,,,,,,,,,,,,,,,,,,,,TGTGGGGAAATCCATGGGTCT
MF073357,AGTTGTTGATCTGTGT,,T,,,,,,,,,,,,,,,,,,,,,,TGTGGGGAAATCCATGGGTCT
KY348640,AGTTGTTGATCTGTGT,,T,,,,,,,,,,,,,,,,,,,,,,TGTGGGGAAATCCATGGGTCT
MN577543,AGTTGTTGATCTGTGT,,T,,,,,,,,,,,,,,,,,,,,,,TGTGGGGAAATCCATGGGTCTT
MH544701,AGTTGTTGATCTGTGT,,T,,,,,,,,,,,,,,,,,,,,,,TGTGGGGAAATCCATGGGTCT
KX377337,AGTTGTTGATCTGTGT,,T,,,,,,,,,,,,,,,,,,,,,,TGTGGGGAAATCCATGGGTCT
MH675624,AGTTGTTGATCTGTGT,,T,,,,,,,,,,,,,,,,,,,,,,TGTGGGGAAATCCATGGGTCT
MH675620,AGTTGTTGATCTGTGT,,T,,,,,,,,,,,,,,,,,,,,,,TGTGGGGAAATCCATGGGTCT
MH675622,AGTTGTTGATCTGTGT,,T,,,,,,,,,,,,,,,,,,,,,,TGTGGGGAAATCCATGGGTCT
MH675623,AGTTGTTGATCTGTGT,,T,,,,,,,,,,,,,,,,,,,,,,TGTGGGGAAATCCATGGGTCT
MH675627,AGTTGTTGATCTGTGT,,T,,,,,,,,,,,,,,,,,,,,,,TGTGGGGAAATCCATGGGTCT
MH675621,AGTTGTTGATCTGTGT,,T,,,,,,,,,,,,,,,,,,,,,,TGTGGGGAAATCCATGGGTCT
MH675619,AGTTGTTGATCTGTGT,,T,,,,,,,,,,,,,,,,,,,,,,TGTGGGGAAATCCATGGGTCT
MH675625,AGTTGTTGATCTGTGT,,T,,,,,,,,,,,,,,,,,,,,,,TGTGGGGAAATCCATGGGTCT
MH675628,AGTTGTTGATCTGTGT,,T,,,,,,,,,,,,,,,,,,,,,,TGTGGGGAAATCCATGGGTCT
MH675626,AGTTGTTGATCTGTGT,,T,,,,,,,,,,,,,,,,,,,,,,TGTGGGGAAATCCATGGGTCT
MT636065,AGTTGTTGATCTGTGT,,T,,,,,,,,,,,,,,,,,,,,,,TGTGGGGAAATCCATGGGTCT
KU853012,AGTTGTTGATCTGTGT,,T,,,,,,,,,,,,,,,,,,,,,,
KU853013,AGTTGTTGATCTGTGT,,T,,,,,,,,,,,,,,,,,,,,,,
KX269878,AGTTGTTGATCTGTGT,,T,,,,,,,,,,,,,,,,,,,,,,
KY415986,AGTTGTTGATCTGTGT,,T,,,,,,,,,,,,,,,,,,,,,,TGTGGGGAAATCCATGGGTCTT
KY415987,AGTTGTTGATCTGTGT,,T,,,,,,,,,,,,,,,,,,,,,,TGTGGGGAAATCCATGGGTCTT
KY415990,AGTTGTTGATCTGTGT,,T,,,,,,,,,,,,,,,,,,,,,,TGTGGGGAAATCCATGGGTCTT
KY415988,AGTTGTTGATCTGTGT,,T,,,,,,,,,,,,,,,,,,,,,,TGTGGGGAAATCCATGGGTCTT
KY415989,AGTTGTTGATCTGTGT,,T,,,,,,,,,,,,,,,,,,,,,,TGTGGGGAAATCCATGGGTCTT
KY415991,AGTTGTTGATCTGTGT,,T,,,,,,,,,,,,,,,,,,,,,,TGTGGGGAAATCCATGGGTCTT
MN566104,AGTTGTTGATCTGTGT,,T,,,,,,,,,,,,,,,,,,,,,,TGTGGGGAAATCCATGGGTCTT
MN566105,AGTTGTTGATCTGTGT,,T,,,,,,,,,,,,,,,,,,,,,,TGTGGGGAAATCCATGGGTCTT
MN566107,AGTTGTTGATCTGTGT,,T,,,,,,,,,,,,,,,,,,,,,,TGTGGGGAAATCCATGGGTCTT
MN566108,AGTTGTTGATCTGTGT,,T,,,,,,,,,,,,,,,,,,,,,,TGTGGGGAAATCCATGGGTCTT
MN566106,AGTTGTTGATCTGTGT,,T,,,,,,,,,,,,,,,,,,,,,,TGTGGGGAAATCCATGGGTCTT
MF384325,AGTTGTTGATCTGTGT,,T,,,,,,,,,,,,,,,,,,,,,,TGTGGGGAAATCCATGGGTCTT
MF783072,AGTTGTTGATCTGTGT,,T,,,,,,,,,,,,,,,,,,,,,,TGTGGGGAAATCCATGGGTCTT
OL450364,AGTTGTTGATCTGTGT,,T,,,,,,,,,,,,,,,,,,,,,,TGTGGGGAAATCCATGGGTCTT
OL450365,AGTTGTTGATCTGTGT,,T,,,,,,,,,,,,,,,,,,,,,,TGTGGGGAAATCCATGGGTCTT
OL450366,AGTTGTTGATCTGTGT,,T,,,,,,,,,,,,,,,,,,,,,,TGTGGGGAAATCCATGGGTCTT
KY075939,AGTTGTTGATCTGTGT,,T,,,,,,,,,,,,,,,,,,,,,,
KX253996,AGTTGTTGATCTGTGT,,T,,,,,,,,,,,,,,,,,,,,,,TGTGGGGAAATCCATGGGTCT
MG674718,AGTTGTTGATCTGTGT,,T,,,,,,,,,,,,,,,,,,,,,,TGTGGGGAAATCCATGGGTCT
MG674719,AGTTGTTGATCTGTGT,,T,,,,,,,,,,,,,,,,,,,,,,TGTGGGGAAATCCATGGGTCT
MH675629,AGTTGTTGATCTGTGT,,T,,,,,,,,,,,,,,,,,,,,,,TGCGGGGAAATCCATGGGTCT
MH675630,AGTTGTTGATCTGTGT,,T,,,,,,,,,,,,,,,,,,,,,,TGTGGGGAAATCCATGGGTCT
MN577550,AGTTGTTGATCTGTGT,,T,,,,,,,,,,,,,,,,,,,,,,TGTGGGGAAATCCATGGGTCT
KX247632,AGTTGTTGATCTGTGT,,T,,,,,,,,,,,,,,,,,,,,,,
KY606272,AGTTGTTGATCTGTGT,,T,,,,,,,,,,,,,,,,,,,,,,TGTGGGGA
ON586853,AGTTGTTGATCTGTGT,,T,,,,,,,,,,,,,,,,,,,,,,TGTGGGGA
ON586854,AGTTGTTGATCTGTGT,,T,,,,,,,,,,,,,,,,,,,,,,TGTGGGGAAATCCATGGGTCT
ON586852,AGTTGTTGATCTGTGT,,T,,,,,,,,,,,,,,,,,,,,,,
KY631494,AGTTGTTGATCTGTGT,,T,,,,,,,,,,,,,,,,,,,,,,
KY606273,AGTTGTTGATCTGTGT,,T,,,,,,,,,,,,,,,,,,,,,,
LC191864,AGTTGTTGATCTGTGT,,T,,,,,,,,,,,,,,,,,,,,,,TGTGGGGAAATCCATGGTTTC
MN577544,AGTTGTTGATCTGTGT,,T,,,,,,,,,,,,,,,,,,,,,,TGTGGGGAAATCCATGGGTCTT
MW915411,AGTTGTTGATCTGTGT,,T,,,,,,,,,,,,,,,,,,,,,,
MW915414,AGTTGTTGATCTGTGT,,T,,,,,,,,,,,,,,,,,,,,,,
MW915413,AGTTGTTGATCTGTGT,,T,,,,,,,,,,,,,,,,,,,,,,
MW915412,AGTTGTTGATCTGTGT,,T,,,,,,,,,,,,,,,,,,,,,,
KU681081,AGTTGTTGATCTGTGT,,T,,,,,,,,,,,,,,,,,,,,,,TGTGGGGAAATCCATGGGTCT
MT377499,AGTTGTTGATCTGTGT,,T,,,,,,,,,,,,,,,,,,,,,,
MT377496,AGTTGTTGATCTGTGT,,T,,,,,,,,,,,,,,,,,,,,,,
MG807647,AGTTGTTGATCTGTGT,,T,,,,,,,,,,,,,,,,,,,,,,TGTGGGGAAATCCATGGGTCT
MG807646,AGTTGTTGATCTGTGT,,T,,,,,,,,,,,,,,,,,,,,,,TGTGGGGAAATCCATGGGTCT
MT377500,AGTTGTTGATCTGTGT,,T,,,,,,,,,,,,,,,,,,,,,,
MF996804,AGTTGTTGATCTGTGT,,T,,,,,,,,,,,,,,,,,,,,,,TGTGGGGAAATCCATGGGTCT
MG548661,AGTTGTTGATCTGTGT,,T,,,,,,,,,,,,,,,,,,,,,,TGTGGGGAAATCCATGGGTCT
MG548660,AGTTGTTGATCTGTGT,,T,,,,,,,,,,,,,,,,,,,,,,TGTGGGGAAATCCATGGGTCT
ON209935,AGTTGTTGATCTGTGT,,T,,,,,,,,,,,,,,,,,,,,,,
MN190155,AGTTGTTGATCTGTGT,,T,,,,,,,,,,,,,,,,,,,,,,
MN611472,AGTTGTTGATCTGTGT,,T,,,,,,,,,,,,,,,,,,,,,,TGTGGGGAAATCCATGGGTCT
KY272987,AGTTGTTGATCTGTGT,,T,,,,,,,,,,,,,,,,,,,,,,TGTGGGGAAATCCATGGGTCT
MT377493,AGTTGTTGATCTGTGT,,T,,,,,,,,,,,,,,,,,,,,,,
KU681082,AGTTGTTGATCTGTGT,,T,,,,,,,,,,,,,,,,,,,,,,TGTGGGGAAATCCATGGGTCT
KY553111,AGTTGTTGATCTGTGT,,T,,,,,,,,,,,,,,,,,,,,,,TGTGGGGAAATCCATGGGTCT
KY606274,AGTTGTTGATCTGTGT,,T,,,,,,,,,,,,,,,,,,,,,,
KY766069,CTGTGT,,T,,,,,,,,,,,,,,,,,,,,,TTAAGAATTCCACCAAAAAGAATTCTGCTGCCATACCATCTCCGAGGATGTCCCATAAACTTGGTTGCAGAGTTTTGTGAAATGTTGCACTCCAGTAGAAGGCAGCAGACTAGGCTGGGCGTGGCGGCTCATGCCTGTAATCCCAGCACTTTGGGAGGTTGAGGCAGGTGGATCACCTGAGGTCAGGAGTTCGAGACCAGCTTGGCCAACATGGTGAAACCCCGTCTCTACTAGAAACACAAACAATTAGCCAGGC,TGTAATCCTAGCTACTCGGGAGACTGAGGCAGGAGAATTGCTTGAACCCAGGAGGCAGAGGTTGCAGTGAGCTGAGATCGCACCATTGCACTCCAGCCTGGGCGACAGAGCAAGACTCCGTCT
MH882544,CTGTGT,,T,,,,,,,,,,,,,,,,,,,,,,
MK269359,CTGTGT,,T,,,,,,,,,,,,,,,,,,,,,,TGTGGGGAAATCCAT
KY325464,CTGTGT,,T,,,,,,,,,,,,,,,,,,,,,,TGTGGGGAAATCCA
OQ338853,CTGTGT,,T,,,,,,,,,,,,,,,,,,,,,,
KU321639,GTTGTTACTGTTGCT,,,,,,,,,,,,,,,,,,,,,,,,
MT483911,GTTGTTACTGTTGCT,,,,,,,,,,,,,,,,,,,,,,,,
KU744693,GTTGTTACTGTTGCT,,,,,,,,,,,,,,,,,,,,,,,,
KU509998,AGTTGTTACTGTTGCT,,,,,,,,,,,,,,,,,,,,,,,,TGTGGGGAAATCCATGGGTCTT
KX051563,AGTTGTTACTGTTGCT,,T,,,,,,,,,,,,,,,,,,,,,,TGTGGGGAAATCCATGGGTCTT
KX247646,AGTTGTTACTGTTGCT,,T,,,,,,,,,,,,,,,,,,,,,,TGTGGGGAAATCCATGGGTCTT
KX702400,AGTTGTTACTGTTGCT,,T,,,,,,,,,,,,,,,,,,,,,,TGTGGGGAAATCCATGGGTCTT
KX893855,AGTTGTTACTGTTGCT,,T,,,,,,,,,,,,,,,,,,,,,,TGTGGGGAAATCCATGGGTCTT
MF352141,CTCTTCCGATCTGTGT,,T,,,,,,,,,,,,,,,,,,,,,,TGTGGGGAAATCCATGG
KX811222,GATCTGTGT,,T,,,,,,,,,,,,,,,,,,,,,,
KX051560,GATCTGTGT,,T,,,,,,,,,,,,,,,,,,,,,,TGTGGGGAAATCCATG
KX051562,GATCTGTGT,,T,,,,,,,,,,,,,,,,,,,,,,TGTGGGGAAATCCATGGGTCT
MH368551,GATCTGTGT,,T,,,,,,,,,,,,,,,,,,,,,,
KX197205,TCTGTGT,,T,,,,,,,,,,,,,,,,,,,,,,TGTGGGGAAATCCATGGGCCCCAGCTGTGGATCTCCAGAAGAGGGACTAGTGGTTAGAGGAGACCCCCCGGAAAACGCAAAACAGCG
KY325469,TCTGTGT,,T,,,,,,,,,,,,,,,,,,,,,,
KX266255,TCTGTGT,,T,,,,,,,,,,,,,,,,,,,,,,TGTGGGGA
KY325465,TCTGTGT,,T,,,,,,,,,,,,,,,,,,,,,,TGTGGGGAAATCC
KY325479,TCTGTGT,,T,,,,,,,,,,,,,,,,,,,,,,
MH119185,TCTGTGT,,T,,,,,,,,,,,,,,,,,,,,,,TGTGGGGAAATCCATG
OM666893,TCTGTGT,,,,,,,,,,,,,,,,,,,,,,,,
KX830930,GTGCTCTTCCGATC,,T,,,,,,,,,,,,,,,,,,,,,,
KY014296,TGT,,T,,,,,,,,,,,,,,,,,,,,,,TGTGGGGAAATCCAT
MN124090,TGT,,T,,,,,,,,,,,,,,,,,,,,,,
MN124091,TGT,,T,,,,,,,,,,,,,,,,,,,,,,
KY014303,TGT,,T,,,,,,,,,,,,,,,,,,,,,,
KY075934,TGT,,T,,,,,,,,,,,,,,,,,,,,,,
MK269360,TGT,,T,,,,,,,,,,,,,,,,,,,,,,TGGGGGA
MH882528,TGT,,T,,,,,,,,,,,,,,,,,,,,,,
MH882529,TGT,,T,,,,,,,,,,,,,,,,,,,,,,
MH882542,TGT,,T,,,,,,,,,,,,,,,,,,,,,,
MH882530,TGT,,T,,,,,,,,,,,,,,,,,,,,,,
MH882532,TGT,,T,,,,,,,,,,,,,,,,,,,,,,
MH882535,TGT,,T,,,,,,,,,,,,,,,,,,,,,,TGTG
MH882534,TGT,,T,,,,,,,,,,,,,,,,,,,,,,
MH882536,TGT,,T,,,,,,,,,,,,,,,,,,,,,,TGTGGGGAA
MH882539,TGT,,T,,,,,,,,,,,,,,,,,,,,,,
MH882540,TGT,,T,,,,,,,,,,,,,,,,,,,,,,
MH882547,TGT,,T,,,,,,,,,,,,,,,,,,,,,,
MH882548,TGT,,T,,,,,,,,,,,,,,,,,,,,,,TGTGGGGAA
KY014324,TGT,,T,,,,,,,,,,,,,,,,,,,,,,TGTGGGGAAATCC
KY014323,TGT,,T,,,,,,,,,,,,,,,,,,,,,,TGTGGGGAAA
KY014304,TGT,,T,,,,,,,,,,,,,,,,,,,,,,TGTGGGGAAA
KY014322,TGT,,T,,,,,,,,,,,,,,,,,,,,,,TGTGGG
MK269357,TGT,,T,,,,,,,,,,,,,,,,,,,,,,
KU761560,TGT,,T,,,,,,,,,,,,,,,,,,,,,,
KU761561,TGT,,T,,,,,,,,,,,,,,,,,,,,,,
KX013000,TGT,,T,,,,,,,,,,,,,,,,,,,,,,
OK054438,TGT,,T,,,,,,,,,,,,,,,,,,,,,,TGTGGGGAA
OK054467,TGT,,T,,,,,,,,,,,,,,,,,,,,,,
OK054472,TGT,,T,,,,,,,,,,,,,,,,,,,,,,TGTG
OK054433,TGT,,T,,,,,,,,,,,,,,,,,,,,,,TGTGGGGAA
OK054437,TGT,,T,,,,,,,,,,,,,,,,,,,,,,TGTGGGGAA
OK054477,TGT,,T,,,,,,,,,,,,,,,,,,,,,,
OK054476,TGT,,T,,,,,,,,,,,,,,,,,,,,,,
OK054461,TGT,,T,,,,,,,,,,,,,,,,,,,,,,
OK054453,TGT,,T,,,,,,,,,,,,,,,,,,,,,,
OK054431,TGT,,T,,,,,,,,,,,,,,,,,,,,,,TGTGGGGAA
OK054456,TGT,,T,,,,,,,,,,,,,,,,,,,,,,
OK054432,TGT,,T,,,,,,,,,,,,,,,,,,,,,,TGTGGGGAA
OK054449,TGT,,T,,,,,,,,,,,,,,,,,,,,,,
OK054439,TGT,,T,,,,,,,,,,,,,,,,,,,,,,TGTGGGGAA
OK054470,TGT,,T,,,,,,,,,,,,,,,,,,,,,,T
OK054471,TGT,,T,,,,,,,,,,,,,,,,,,,,,,T
OK054482,TGT,,T,,,,,,,,,,,,,,,,,,,,,,
OK054484,TGT,,T,,,,,,,,,,,,,,,,,,,,,,TGT
OK054458,TGT,,T,,,,,,,,,,,,,,,,,,,,,,TGTGGG
OK054468,TGT,,T,,,,,,,,,,,,,,,,,,,,,,
OK054486,TGT,,T,,,,,,,,,,,,,,,,,,,,,,
OK054427,TGT,,T,,,,,,,,,,,,,,,,,,,,,,TGTGGGGAA
OK054483,TGT,,T,,,,,,,,,,,,,,,,,,,,,,TGTGGGG
OK054434,TGT,,T,,,,,,,,,,,,,,,,,,,,,,TGTGGGGAA
OK054435,TGT,,T,,,,,,,,,,,,,,,,,,,,,,TGTGGGGAA
OK054479,TGT,,T,,,,,,,,,,,,,,,,,,,,,,
OK054425,TGT,,T,,,,,,,,,,,,,,,,,,,,,,
OK054443,TGT,,T,,,,,,,,,,,,,,,,,,,,,,
OK054444,TGT,,T,,,,,,,,,,,,,,,,,,,,,,
OK054452,TGT,,T,,,,,,,,,,,,,,,,,,,,,,
OK054487,TGT,,T,,,,,,,,,,,,,,,,,,,,,,
OK054480,TGT,,T,,,,,,,,,,,,,,,,,,,,,,
OK054465,TGT,,T,,,,,,,,,,,,,,,,,,,,,,
OK054466,TGT,,T,,,,,,,,,,,,,,,,,,,,,,
OK054478,TGT,,T,,,,,,,,,,,,,,,,,,,,,,
OK054429,TGT,,T,,,,,,,,,,,,,,,,,,,,,,TGTGGGGAA
OK054446,TGT,,T,,,,,,,,,,,,,,,,,,,,,,
OK054448,TGT,,T,,,,,,,,,,,,,,,,,,,,,,
OK054451,TGT,,T,,,,,,,,,,,,,,,,,,,,,,
OK054474,TGT,,T,,,,,,,,,,,,,,,,,,,,,,
OK054442,TGT,,T,,,,,,,,,,,,,,,,,,,,,,
OK054463,TGT,,T,,,,,,,,,,,,,,,,,,,,,,
OK054475,TGT,,T,,,,,,,,,,,,,,,,,,,,,,
OK054464,TGT,,T,,,,,,,,,,,,,,,,,,,,,,
OK054445,TGT,,T,,,,,,,,,,,,,,,,,,,,,,
OK054447,TGT,,T,,,,,,,,,,,,,,,,,,,,,,
OK054426,TGT,,T,,,,,,,,,,,,,,,,,,,,,,
OK054428,TGT,,T,,,,,,,,,,,,,,,,,,,,,,TGTGGGGAA
OK054436,TGT,,T,,,,,,,,,,,,,,,,,,,,,,TGTGGGGAA
OK054459,TGT,,T,,,,,,,,,,,,,,,,,,,,,,
OK054485,TGT,,T,,,,,,,,,,,,,,,,,,,,,,TG
OK054460,TGT,,T,,,,,,,,,,,,,,,,,,,,,,
OK054454,TGT,,T,,,,,,,,,,,,,,,,,,,,,,
OK054455,TGT,,T,,,,,,,,,,,,,,,,,,,,,,
OK054481,TGT,,T,,,,,,,,,,,,,,,,,,,,,,
OK054450,TGT,,T,,,,,,,,,,,,,,,,,,,,,,
OK054441,TGT,,T,,,,,,,,,,,,,,,,,,,,,,
MT377494,TGT,,T,,,,,,,,,,,,,,,,,,,,,,
OQ338852,TGT,,T,,,,,,,,,,,,,,,,,,,,,,
OK054371,TGT,,T,,,,,,,,,,,,,,,,,,,,,,
KY325483,TGT,,T,,,,,,,TGA,,,,,,,,,,,,,,,
KU820897,GGTTGTTGATCTGTGT,,T,,,,,,,,,,,,,,,,,,,,,,TGTGGGGAAATCCATGGGTCT
OK571913,GGTTGTTGATCTGTGT,,T,,,,,,,,,,,,,,,,,,,,,,TGTGGGGAAATCCATGGGTCT
KY989971,GGTTGTTGATCTGTGT,,T,,,,,,,,,,,,,,,,,,,,,,TGTGGGGAAATCCATGGGTCT
KY328289,GGTTGTTGATCTGTGT,,T,,,,,,,,,,,,,,,,,,,,,,TGTGGGGAAATCCATGGGTCT
MN100039,GTGT,,T,,,,,,,,,,,,,,,,,,,,,,
MH882527,GTGT,,T,,,,,,,,,,,,,,,,,,,,,,
MH882541,GTGT,,T,,,,,,,,,,,,,,,,,,,,,,
MH882531,GTGT,,T,,,,,,,,,,,,,,,,,,,,,,
MH882533,GTGT,,T,,,,,,,,,,,,,,,,,,,,,,
MH882538,GTGT,,T,,,,,,,,,,,,,,,,,,,,,,TGTGGGGAAA
MH882549,GTGT,,T,,,,,,,,,,,,,,,,,,,,,,TGTGGGGAAA
KY325472,GTGT,,T,,,,,,,,,,,,,,,,,,,,,,TGTGGGGAA
KY325473,GTGT,,T,,,,,,,,,,,,,,,,,,,,,,TGTGGGGAAATC
MK238035,GTGT,,T,,,,,,,,,,,,,,,,,,,,,,
OM666892,GTGT,,,,,,,,,,,,,,,,,,,,,,,,
KX879603,AGTAGTTGATCTGTGT,,T,,,,,,,,,,,,,,,,,,,,,,TGTGGGGAAATCCATGGGAGATCGGA
KX879604,CCGGAGTTGTTGATCTGTGT,,T,,,,,,,,,,,,,,,,,,,,,,TGTGGGGAAATCCATGGGTC
MF794971,GAGTTGTTGATCTGTGT,,T,,,,,,,,,,,,,,,,,,,,,,
KX906952,GAGTTGTTGATCTGTGT,,T,,,,,,,,,,,,,,,,,,,,,,
KX766028,TTGATTGYCGT,,T,,,,,,,,,,,,,,,,,,,,,,
KU501215,GTTGTTGATCTGTGT,,T,,,,,,,,,,,,,,,,,,,,,,
MK713748,GTTGTTGATCTGTGT,,T,,,,,,,,,,,,,,,,,,,,,,
MF988743,GTTGTTGATCTGTGT,,T,,,,,,,,,,,,,,,,,,,,,,
KX262887,GTTGTTGATCTGTGT,,T,,,,,,,,,,,,,,,,,,,,,,TGTGGGGAAATCCATGGGTCT
KU940228,GTTGTTGATCTGTGT,,,,,,,,,,,,,,,,,,,,,,,,
KU497555,CCAATCTGT,,T,,,,,,,,,,,,,,,,,,,,,,TGTGGGGAAATCCA
MH882543,GTTGATCTGTGT,,T,,,,,,,,,,,,,,,,,,,,,,TGTGGGGAAA
KX051561,GTTGATCTGTGT,,T,,,,,,,,,,,,,,,,,,,,,,TGTGGGGAAATCCATG
MH882545,TTGATCTGTGT,,T,,,,,,,,,,,,,,,,,,,,,,TGTGGGGAAA
MH882546,TTGATCTGTGT,,T,,,,,,,,,,,,,,,,,,,,,,TGTGGGGAAA
KY014295,GT,,T,,,,,,,,,,,,,,,,,,,,,,TGTGGG
KY325468,GT,,T,,,,,,,,,,,,,,,,,,,,,,
KY325477,GT,,T,,,,,,,,,,,,,,,,,,,,,,
KY014321,GT,,T,,,,,,,,,,,,,,,,,,,,,,TGTGGGGAAA
OK054407,GT,,T,,,,,,,,,,,,,,,,,,,,,,TGTGGG
OK054388,GT,,T,,,,,,,,,,,,,,,,,,,,,,
OK054412,GT,,T,,,,,,,,,,,,,,,,,,,,,,
OK054401,GT,,T,,,,,,,,,,,,,,,,,,,,,,TGTGGG
OK054404,GT,,T,,,,,,,,,,,,,,,,,,,,,,
OK054413,GT,,T,,,,,,,,,,,,,,,,,,,,,,
OK054415,GT,,T,,,,,,,,,,,,,,,,,,,,,,TG
KY325482,GT,,T,,,,,,,,,,,,,,,,,,,,,,
KY325476,TGTGT,,T,,,,,,,,,,,,,,,,,,,,,,TGTGGGGAAA
KX446950,TGTGT,,T,,,,,,,,,,,,,,,,,,,,,,TGTGGGGAAATCCATGGGTCT
KX827268,TGTGT,,T,,,,,,,,,,,,,,,,,,,,,,TGTGGGGAAATC
MT377491,TGTGT,,T,,,,,,,,,,,,,,,,,,,,,,
KU820899,GTTGTTTCTGTGT,,T,,,,,,,,,,,,,,,,,,,,,,TGTGGGGAAATCCATGGGTCTT
KX117076,GTTGTTTCTGTGT,,T,,,,,,,,,,,,,,,,,,,,,,TGTGGGGAAATCCATGGGTCTT
OK054405,T,,T,,,,,,,,,,,,,,,,,,,,,,
MH157201,T,,T,,,,,,,,,,,,,,,,,,,,,,
MH157208,GCT,,T,,,,,,,,,,,,,,,,,,,,,,
KU870645,CTGTGTGT,,T,,,,,,,,,,,,,,,,,,,,,,TGTGGGGAAATCCATGCAGC
KX766029,TTGATCTGYGT,,T,,,,,,,,,,,,,,,,,,,,,,
MN101548,GATTGT,,T,,,,,,,,,,,,,,,,,,,,,,
KY631492,ATAT,,T,,,,,,,,,,,,,,,,,,,,,,
OM666891,ATCTGTGT,,,,,,,,,,,,,,,,,,,,,,,,
MW680970,ATCTGTGT,,A,,,,,,,,,,,,,,,,,,,,,,TGTGGGG
OL423665,,CA,T,,,,,,,,,,,,,,,,,,,,,,
KX447509,,,T,,,,,,,,,,,,,,,,,,,,,,
KX447514,,,T,,,,,,,,,,,,,,,,,,,,,,
KX447512,,,T,,,,,,,,,,,,,,,,,,,,,,
KX447515,,,T,,,,,,,,,,,,,,,,,,,,,,
KX447511,,,T,,,,,,,,,,,,,,,,,,,,,,
KX447510,,,T,,,,,,,,,,,,,,,,,,,,,,
KX447513,,,T,,,,,,,,,,,,,,,,,,,,,,
KX447519,,,T,,,,,,,,,,,,,,,,,,,,,,
KX447518,,,T,,,,,,,,,,,,,,,,,,,,,,
KX447516,,,T,,,,,,,,,,,,,,,,,,,,,,
KX447517,,,T,,,,,,,,,,,,,,,,,,,,,,
MH513599,,,T,,,,,,,,,,,,,,,,,,,,,,
MH513598,,,T,,,,,,,,,,,,,,,,,,,,,,
KY014317,,,T,,,,,,,,,,,,,,,,,,,,,,
KY559031,,,T,,,,,,,,,,,,,,,,,,,,,,
KY559027,,,T,,,,,,,,,,,,,,,,,,,,,,
KY559032,,,T,,,,,,,,,,,,,,,,,,,,,,
KU991811,,,T,,,,,,,,,,,,,,,,,,,,,,
KY014307,,,T,,,,,,,,,,,,,,,,,,,,,,
KY014313,,,T,,,,,,,,,,,,,,,,,,,,,,
KU312312,,,T,,,,,,,,,,,,,,,,,,,,,,
KU758877,,,T,,,,,,,,,,,,,,,,,,,,,,
KU937936,,,T,,,,,,,,,,,,,,,,,,,,,,
KY441402,,,T,,,,,,,,,,,,,,,,,,,,,,
MK241415,,,T,,,,,,,,,,,,,,,,,,,,,,
MK241417,,,T,,,,,,,,,,,,,,,,,,,,,,
MK241416,,,T,,,,,,,,,,,,,,,,,,,,,,
KY014297,,,T,,,,,,,,,,,,,,,,,,,,,,
KY785450,,,T,,,,,,,,,,,,,,,,,,,,,,
KY014320,,,T,,,,,,,,,,,,,,,,,,,,,,
MH513600,,,T,,,,,,,,,,,,,,,,,,,,,,
KU647676,,,T,,,,,,,,,,,,,,,,,,,,,,
KU922923,,,T,,,,,,,,,,,,,,,,,,,,,,
KU922960,,,T,,,,,,,,,,,,,,,,,,,,,,
KX087102,,,T,,,,,,,,,,,,,,,,,,,,,,TGTGGGGAAATCCATGGGTCT
MF574586,,,T,,,,,,,,,,,,,,,,,,,,,,
MF574552,,,T,,,,,,,,,,,,,,,,,,,,,,
MF574580,,,T,,,,,,,,,,,,,,,,,,,,,,
MF574581,,,T,,,,,,,,,,,,,,,,,,,,,,
MF574582,,,T,,,,,,,,,,,,,,,,,,,,,,
MF574588,,,T,,,,,,,,,,,,,,,,,,,,,,
MF574584,,,T,,,,,,,,,,,,,,,,,,,,,,
MF574553,,,T,,,,,,,,,,,,,,,,,,,,,,
MF574583,,,T,,,,,,,,,,,,,,,,,,,,,,
MF574554,,,T,,,,,,,,,,,,,,,,,,,,,,
MF574556,,,T,,,,,,,,,,,,,,,,,,,,,,
MF574557,,,T,,,,,,,,,,,,,,,,,,,,,,
MF574574,,,T,,,,,,,,,,,,,,,,,,,,,,
MF574577,,,T,,,,,,,,,,,,,,,,,,,,,,
MF574563,,,T,,,,,,,,,,,,,,,,,,,,,,
MF574564,,,T,,,,,,,,,,,,,,,,,,,,,,
MF574569,,,T,,,,,,,,,,,,,,,,,,,,,,
MF574568,,,T,,,,,,,,,,,,,,,,,,,,,,
MF574558,,,T,,,,,,,,,,,,,,,,,,,,,,
MF574562,,,T,,,,,,,,,,,,,,,,,,,,,,
MF574573,,,T,,,,,,,,,,,,,,,,,,,,,,
MF574560,,,T,,,,,,,,,,,,,,,,,,,,,,
MF574567,,,T,,,,,,,,,,,,,,,,,,,,,,
MF574576,,,T,,,,,,,,,,,,,,,,,,,,,,
MF574555,,,T,,,,,,,,,,,,,,,,,,,,,,
MF574571,,,T,,,,,,,,,,,,,,,,,,,,,,
MF574565,,,T,,,,,,,,,,,,,,,,,,,,,,
MF574566,,,T,,,,,,,,,,,,,,,,,,,,,,
MF574570,,,T,,,,,,,,,,,,,,,,,,,,,,
MF574561,,,T,,,,,,,,,,,,,,,,,,,,,,
MF574559,,,T,,,,,,,,,,,,,,,,,,,,,,
KX156774,,,T,,,,,,,,,,,,,,,,,,,,,,TGTGGGGAAATCCATGGGTCT
KX156776,,,T,,,,,,,,,,,,,,,,,,,,,,TGTGGGGAAATCCATGGGTCT
KX156775,,,T,,,,,,,,,,,,,,,,,,,,,,TGTGGGGAAATCCATGGGTC
MF574585,,,T,,,,,,,,,,,,,,,,,,,,,,
MF574587,,,T,,,,,,,,,,,,,,,,,,,,,,
OP898541,,,T,,,,,,,,,,,,,,,,,,,,,,
OP898542,,,T,,,,,,,,,,,,,,,,,,,,,,
KY317938,,,T,,,,,,,,,,,,,,,,,,,,,,
KY317939,,,T,,,,,,,,,,,,,,,,,,,,,,
MK049245,,,T,,,,,,,,,,,,,,,,,,,,,,
MK049247,,,T,,,,,,,,,,,,,,,,,,,,,,
MK049246,,,T,,,,,,,,,,,,,,,,,,,,,,
KY317936,,,T,,,,,,,,,,,,,,,,,,,,,,
MH179341,,,T,,,,,,,,,,,,,,,,,,,,,,
KY785451,,,T,,,,,,,,,,,,,,,,,,,,,,
KY317937,,,T,,,,,,,,,,,,,,,,,,,,,,
KY785466,,,T,,,,,,,,,,,,,,,,,,,,,,
KY317940,,,T,,,,,,,,,,,,,,,,,,,,,,
KY785469,,,T,,,,,,,,,,,,,,,,,,,,,,
KY693678,,,T,,,,,,,,,,,,,,,,,,,,,,
KY693679,,,T,,,,,,,,,,,,,,,,,,,,,,
KY075932,,,T,,,,,,,,,,,,,,,,,,,,,,
MK049248,,,T,,,,,,,,,,,,,,,,,,,,,,
MK049249,,,T,,,,,,,,,,,,,,,,,,,,,,
MK049252,,,T,,,,,,,,,,,,,,,,,,,,,,
KU740184,,,T,,,,,,,,,,,,,,,,,,,,,,
KU761564,,,T,,,,,,,,,,,,,,,,,,,,,,
KU955590,,,T,,,,,,,,,,,,,,,,,,,,,,
KY379148,,,T,,,,,,,,,,,,,,,,,,,,,,
MF167360,,,T,,,,,,,,,,,,,,,,,,,,,,
MK216693,,,T,,,,,,,,,,,,,,,,,,,,,,
KX087101,,,T,,,,,,,,,,,,,,,,,,,,,,TGTGGGGAAATCCATGGGTC
PP872156,,,T,,,,,,,,,,,,,,,,,,,,,,
KX601168,,,T,,,,,,,,,,,,,,,,,,,,,,
MF574578,,,T,,,,,,,,,,,,,,,,,,,,,,
MF574579,,,T,,,,,,,,,,,,,,,,,,,,,,
KY785462,,,T,,,,,,,,,,,,,,,,,,,,,,
KY785464,,,T,,,,,,,,,,,,,,,,,,,,,,
KY075933,,,T,,,,,,,,,,,,,,,,,,,,,,
MW165881,,,T,,,,,,,,,,,,,,,,,,,,,,
MW165884,,,T,,,,,,,,,,,,,,,,,,,,,,
MW165883,,,T,,,,,,,,,,,,,,,,,,,,,,
MW165882,,,T,,,,,,,,,,,,,,,,,,,,,,
KY785481,,,T,,,,,,,,,,,,,,,,,,,,,,
MW165880,,,T,,,,,,,,,,,,,,,,,,,,,,
KX548902,,,T,,,,,,,,,,,,,,,,,,,,,,
MW008559,,,T,,,,,,,,,,,,,,,,,,,,,,
KY241788,,,T,,,,,,,,,,,,,,,,,,,,,,
KY559030,,,T,,,,,,,,,,,,,,,,,,,,,,
OL423648,,,T,,,,,,,,,,,,,,,,,,,,,,
MW123921,,,T,,,,,,,,,,,,,,,,,,,,,,
MW123922,,,T,,,,,,,,,,,,,,,,,,,,,,
MW123923,,,T,,,,,,,,,,,,,,,,,,,,,,
MW123924,,,T,,,,,,,,,,,,,,,,,,,,,,
KX673530,,,T,,,,,,,,,,,,,,,,,,,,,,
MF098764,,,T,,,,,,,,,,,,,,,,,,,,,,
MF098765,,,T,,,,,,,,,,,,,,,,,,,,,,
MF098766,,,T,,,,,,,,,,,,,,,,,,,,,,
MF098768,,,T,,,,,,,,,,,,,,,,,,,,,,
MF098769,,,T,,,,,,,,,,,,,,,,,,,,,,
KX922707,,,T,,,,,,,,,,,,,,,,,,,,,,
KY014316,,,T,,,,,,,,,,,,,,,,,,,,,,
KX832731,,,T,,,,,,,,,,,,,,,,,,,,,,
KX922703,,,T,,,,,,,,,,,,,,,,,,,,,,
KY075935,,,T,,,,,,,,,,,,,,,,,,,,,,
KX922706,,,T,,,,,,,,,,,,,,,,,,,,,,
KX838904,,,T,,,,,,,,,,,,,,,,,,,,,,
KX922704,,,T,,,,,,,,,,,,,,,,,,,,,,
KX838905,,,T,,,,,,,,,,,,,,,,,,,,,,
KX842449,,,T,,,,,,,,,,,,,,,,,,,,,,
KY075938,,,T,,,,,,,,,,,,,,,,,,,,,,
KY014325,,,T,,,,,,,,,,,,,,,,,,,,,,
KY014326,,,T,,,,,,,,,,,,,,,,,,,,,,
KY785468,,,T,,,,,,,,,,,,,,,,,,,,,,
KY785445,,,T,,,,,,,,,,,,,,,,,,,,,,
KY075936,,,T,,,,,,,,,,,,,,,,,,,,,,
KY785476,,,T,,,,,,,,,,,,,,,,,,,,,,
KY014300,,,T,,,,,,,,,,,,,,,,,,,,,,
KY785453,,,T,,,,,,,,,,,,,,,,,,,,,,
LC190723,,,T,,,,,,,,,,,,,,,,,,,,,,TGTGGGGAAATCCATGGG
KY785435,,,T,,,,,,,,,,,,,,,,,,,,,,
KY014305,,,T,,,,,,,,,,,,,,,,,,,,,,
KY785423,,,T,,,,,,,,,,,,,,,,,,,,,,
KY014318,,,T,,,,,,,,,,,,,,,,,,,,,,
KY785420,,,T,,,,,,,,,,,,,,,,,,,,,,
KY785465,,,T,,,,,,,,,,,,,,,,,,,,,,
KY785415,,,T,,,,,,,,,,,,,,,,,,,,,,
KX838906,,,T,,,,,,,,,,,,,,,,,,,,,,
KX922705,,,T,,,,,,,,,,,,,,,,,,,,,,
KY075937,,,T,,,,,,,,,,,,,,,,,,,,,,
KY785422,,,T,,,,,,,,,,,,,,,,,,,,,,
KX922708,,,T,,,,,,,,,,,,,,,,,,,,,,
KY014299,,,T,,,,,,,,,,,,,,,,,,,,,,
KY785459,,,T,,,,,,,,,,,,,,,,,,,,,,
KY014298,,,T,,,,,,,,,,,,,,,,,,,,,,
KY014302,,,T,,,,,,,,,,,,,,,,,,,,,,
KY014314,,,T,,,,,,,,,,,,,,,,,,,,,,
KY785424,,,T,,,,,,,,,,,,,,,,,,,,,,
KY785413,,,T,,,,,,,,,,,,,,,,,,,,,,
KY785441,,,T,,,,,,,,,,,,,,,,,,,,,,
KY785475,,,T,,,,,,,,,,,,,,,,,,,,,,
MH063264,,,T,,,,,,,,,,,,,,,,,,,,,,
OL423664,,,T,,,,,,,,,,,,,,,,,,,,,,
OL423647,,,T,,,,,,,,,,,,,,,,,,,,,,
OL423654,,,T,,,,,,,,,,,,,,,,,,,,,,
OL423649,,,T,,,,,,,,,,,,,,,,,,,,,,
KY785410,,,T,,,,,,,,,,,,,,,,,,,,,,
KY785439,,,T,,,,,,,,,,,,,,,,,,,,,,
KY785426,,,T,,,,,,,,,,,,,,,,,,,,,,
KY785427,,,T,,,,,,,,,,,,,,,,,,,,,,
KY785433,,,T,,,,,,,,,,,,,,,,,,,,,,
KY785479,,,T,,,,,,,,,,,,,,,,,,,,,,
KY785470,,,T,,,,,,,,,,,,,,,,,,,,,,
KY817930,,,T,,,,,,,,,,,,,,,,,,,,,,
KU955589,,,T,,,,,,,,,,,,,,,,,,,,,,
KU997667,,,T,,,,,,,,,,,,,,,,,,,,,,TGTGG
KX447521,,,T,,,,,,,,,,,,,,,,,,,,,,
KX421195,,,T,,,,,,,,,,,,,,,,,,,,,,
OK054385,,,T,,,,,,,,,,,,,,,,,,,,,,
OK054406,,,T,,,,,,,,,,,,,,,,,,,,,,
OK054387,,,T,,,,,,,,,,,,,,,,,,,,,,TGTGGGGAA
OK054416,,,T,,,,,,,,,,,,,,,,,,,,,,TGTGGG
OK054395,,,T,,,,,,,,,,,,,,,,,,,,,,
OK054393,,,T,,,,,,,,,,,,,,,,,,,,,,TGTGGG
OK054408,,,T,,,,,,,,,,,,,,,,,,,,,,
OK054402,,,T,,,,,,,,,,,,,,,,,,,,,,
OK054409,,,T,,,,,,,,,,,,,,,,,,,,,,
OK054398,,,T,,,,,,,,,,,,,,,,,,,,,,
OK054383,,,T,,,,,,,,,,,,,,,,,,,,,,
OK054419,,,T,,,,,,,,,,,,,,,,,,,,,,
OK054394,,,T,,,,,,,,,,,,,,,,,,,,,,
KY765325,,,T,,,,,,,,,,,,,,,,,,,,,,
KY765327,,,T,,,,,,,,,,,,,,,,,,,,,,
KX694534,,,T,,,,,,,,,,,,,,,,,,,,,,TGTGGGGAAATCCATGGGTCT
KY014312,,,T,,,,,,,,,,,,,,,,,,,,,,TGTGGGGAA
KY014310,,,T,,,,,,,,,,,,,,,,,,,,,,
KY693676,,,T,,,,,,,,,,,,,,,,,,,,,,
KY785414,,,T,,,,,,,,,,,,,,,,,,,,,,
MF434517,,,T,,,,,,,,,,,,,,,,,,,,,,
KY765323,,,T,,,,,,,,,,,,,,,,,,,,,,
KY765326,,,T,,,,,,,,,,,,,,,,,,,,,,
KY014315,,,T,,,,,,,,,,,,,,,,,,,,,,
KY785418,,,T,,,,,,,,,,,,,,,,,,,,,,
KY693677,,,T,,,,,,,,,,,,,,,,,,,,,,
KY765317,,,T,,,,,,,,,,,,,,,,,,,,,,
OK054414,,,T,,,,,,,,,,,,,,,,,,,,,,
KY765322,,,T,,,,,,,,,,,,,,,,,,,,,,
KY765318,,,T,,,,,,,,,,,,,,,,,,,,,,
OK054396,,,T,,,,,,,,,,,,,,,,,,,,,,
OK054403,,,T,,,,,,,,,,,,,,,,,,,,,,
KY765321,,,T,,,,,,,,,,,,,,,,,,,,,,
OK054399,,,T,,,,,,,,,,,,,,,,,,,,,,
OK054424,,,T,,,,,,,,,,,,,,,,,,,,,,
OK054386,,,T,,,,,,,,,,,,,,,,,,,,,,
KY631493,,,T,,,,,,,,,,,,,,,,,,,,,,
KX446951,,,T,,,,,,,,,,,,,,,,,,,,,,TGTGGGGAAATCCATGGGTCT
KX856011,,,T,,,,,,,,,,,,,,,,,,,,,,
KY120348,,,T,,,,,,,,,,,,,,,,,,,,,,
KY120349,,,T,,,,,,,,,,,,,,,,,,,,,,
MF801395,,,T,,,,,,,,,,,,,,,,,,,,,,
MF801413,,,T,,,,,,,,,,,,,,,,,,,,,,
MH157213,,,T,,,,,,,,,,,,,,,,,,,,,,
MH157199,,,T,,,,,,,,,,,,,,,,,,,,,,
MH157202,,,T,,,,,,,,,,,,,,,,,,,,,,
MH157205,,,T,,,,,,,,,,,,,,,,,,,,,,
MH157195,,,T,,,,,,,,,,,,,,,,,,,,,,
MH157200,,,T,,,,,,,,,,,,,,,,,,,,,,
MH157204,,,T,,,,,,,,,,,,,,,,,,,,,,
MF801387,,,T,,,,,,,,,,,,,,,,,,,,,,
MF801418,,,T,,,,,,,,,,,,,,,,,,,,,,
MF801391,,,T,,,,,,,,,,,,,,,,,,,,,,
MF801412,,,T,,,,,,,,,,,,,,,,,,,,,,
MF801426,,,T,,,,,,,,,,,,,,,,,,,,,,
MF801384,,,T,,,,,,,,,,,,,,,,,,,,,,
MF801410,,,T,,,,,,,,,,,,,,,,,,,,,,
MF801389,,,T,,,,,,,,,,,,,,,,,,,,,,
KY014319,,,T,,,,,,,,,,,,,,,,,,,,,,
MF434521,,,T,,,,,,,,,,,,,,,,,,,,,,
OK054417,,,T,,,,,,,,,,,,,,,,,,,,,,
OK054391,,,T,,,,,,,,,,,,,,,,,,,,,,
OK054384,,,T,,,,,,,,,,,,,,,,,,,,,,
OK054390,,,T,,,,,,,,,,,,,,,,,,,,,,
OK054421,,,T,,,,,,,,,,,,,,,,,,,,,,
OK054422,,,T,,,,,,,,,,,,,,,,,,,,,,
OK054420,,,T,,,,,,,,,,,,,,,,,,,,,,
MF801386,,,T,,,,,,,,,,,,,,,,,,,,,,
MG494697,,,T,,,,,,,,,,,,,,,,,,,,,,
MF801402,,,T,,,,,,,,,,,,,,,,,,,,,,
MG595216,,,T,,,,,,,,,,,,,,,,,,,,,,
MF801398,,,T,,,,,,,,,,,,,,,,,,,,,,
MF801417,,,T,,,,,,,,,,,,,,,,,,,,,,
MF801420,,,T,,,,,,,,,,,,,,,,,,,,,,
MF801378,,,T,,,,,,,,,,,,,,,,,,,,,,
MF801403,,,T,,,,,,,,,,,,,,,,,,,,,,
MF801406,,,T,,,,,,,,,,,,,,,,,,,,,,
KY765324,,,T,,,,,,,,,,,,,,,,,,,,,,
OK054392,,,T,,,,,,,,,,,,,,,,,,,,,,
OK054397,,,T,,,,,,,,,,,,,,,,,,,,,,
OK054400,,,T,,,,,,,,,,,,,,,,,,,,,,
OK054410,,,T,,,,,,,,,,,,,,,,,,,,,,TGTGGGG
MF434522,,,T,,,,,,,,,,,,,,,,,,,,,,
OK054411,,,T,,,,,,,,,,,,,,,,,,,,,,
KY785471,,,T,,,,,,,,,,,,,,,,,,,,,,
MF434516,,,T,,,,,,,,,,,,,,,,,,,,,,
KY014306,,,T,,,,,,,,,,,,,,,,,,,,,,
KY785461,,,T,,,,,,,,,,,,,,,,,,,,,,
KY785442,,,T,,,,,,,,,,,,,,,,,,,,,,
KY765319,,,T,,,,,,,,,,,,,,,,,,,,,,
KY765320,,,T,,,,,,,,,,,,,,,,,,,,,,
MF098771,,,T,,,,,,,,,,,,,,,,,,,,,,
MH157214,,,T,,,,,,,,,,,,,,,,,,,,,,
MF801414,,,T,,,,,,,,,,,,,,,,,,,,,,
MH157203,,,T,,,,,,,,,,,,,,,,,,,,,,
MH157209,,,T,,,,,,,,,,,,,,,,,,,,,,
MF159531,,,T,,,,,,,,,,,,,,,,,,,,,,
MH063262,,,T,,,,,,,,,,,,,,,,,,,,,,
KY927808,,,T,,,,,,,,,,,,,,,,,,,,,,
KY785455,,,T,,,,,,,,,,,,,,,,,,,,,,
MK216696,,,T,,,,,,,,,,,,,,,,,,,,,,
MK216713,,,T,,,,,,,,,,,,,,,,,,,,,,
MK216727,,,T,,,,,,,,,,,,,,,,,,,,,,
MK216730,,,T,,,,,,,,,,,,,,,,,,,,,,
MK216726,,,T,,,,,,,,,,,,,,,,,,,,,,
MK216703,,,T,,,,,,,,,,,,,,,,,,,,,,
MK216716,,,T,,,,,,,,,,,,,,,,,,,,,,
MK216719,,,T,,,,,,,,,,,,,,,,,,,,,,
MK216715,,,T,,,,,,,,,,,,,,,,,,,,,,
MK216717,,,T,,,,,,,,,,,,,,,,,,,,,,
MK216710,,,T,,,,,,,,,,,,,,,,,,,,,,
MK216712,,,T,,,,,,,,,,,,,,,,,,,,,,
MK216722,,,T,,,,,,,,,,,,,,,,,,,,,,
MK216694,,,T,,,,,,,,,,,,,,,,,,,,,,
MK216718,,,T,,,,,,,,,,,,,,,,,,,,,,
MK216723,,,T,,,,,,,,,,,,,,,,,,,,,,
MK216747,,,T,,,,,,,,,,,,,,,,,,,,,,
MK216698,,,T,,,,,,,,,,,,,,,,,,,,,,
MK216706,,,T,,,,,,,,,,,,,,,,,,,,,,
MK216708,,,T,,,,,,,,,,,,,,,,,,,,,,
MK216711,,,T,,,,,,,,,,,,,,,,,,,,,,
MK216732,,,T,,,,,,,,,,,,,,,,,,,,,,
MK216705,,,T,,,,,,,,,,,,,,,,,,,,,,
MK216707,,,T,,,,,,,,,,,,,,,,,,,,,,
MK216729,,,T,,,,,,,,,,,,,,,,,,,,,,
MK216714,,,T,,,,,,,,,,,,,,,,,,,,,,
MK216745,,,T,,,,,,,,,,,,,,,,,,,,,,
MK216731,,,T,,,,,,,,,,,,,,,,,,,,,,
MK216728,,,T,,,,,,,,,,,,,,,,,,,,,,
MK216736,,,T,,,,,,,,,,,,,,,,,,,,,,
MK216748,,,T,,,,,,,,,,,,,,,,,,,,,,
MK216704,,,T,,,,,,,,,,,,,,,,,,,,,,
MK216691,,,T,,,,,,,,,,,,,,,,,,,,,,
MK216697,,,T,,,,,,,,,,,,,,,,,,,,,,
MK216721,,,T,,,,,,,,,,,,,,,,,,,,,,
KY693680,,,T,,,,,,,,,,,,,,,,,,,,,,
MK216688,,,T,,,,,,,,,,,,,,,,,,,,,,
MK216687,,,T,,,,,,,,,,,,,,,,,,,,,,
MK216743,,,T,,,,,,,,,,,,,,,,,,,,,,
MK216690,,,T,,,,,,,,,,,,,,,,,,,,,,
MK216699,,,T,,,,,,,,,,,,,,,,,,,,,,
MK216695,,,T,,,,,,,,,,,,,,,,,,,,,,
MK216742,,,T,,,,,,,,,,,,,,,,,,,,,,
KY441401,,,T,,,,,,,,,,,,,,,,,,,,,,
KY785452,,,T,,,,,,,,,,,,,,,,,,,,,,
KY014301,,,T,,,,,,,,,,,,,,,,,,,,,,
KY785437,,,T,,,,,,,,,,,,,,,,,,,,,,
KY785447,,,T,,,,,,,,,,,,,,,,,,,,,,
MH063261,,,T,,,,,,,,,,,,,,,,,,,,,,
KY785463,,,T,,,,,,,,,,,,,,,,,,,,,,
MF098767,,,T,,,,,,,,,,,,,,,,,,,,,,
MK269356,,,T,,,,,,,,,,,,,,,,,,,,,,
KY785472,,,T,,,,,,,,,,,,,,,,,,,,,,
LC219720,,,T,,,,,,,,,,,,,,,,,,,,,,
MH063265,,,T,,,,,,,,,,,,,,,,,,,,,,
MK216741,,,T,,,,,,,,,,,,,,,,,,,,,,
MK216744,,,T,,,,,,,,,,,,,,,,,,,,,,
OL423656,,,T,,,,,,,,,,,,,,,,,,,,,,
OL423657,,,T,,,,,,,,,,,,,,,,,,,,,,
MK216740,,,T,,,,,,,,,,,,,,,,,,,,,,
KX447520,,,T,,,,,,,,,,,,,,,,,,,,,,
KY126351,,,T,,,,,,,,,,,,,,,,,,,,,,
MT377497,,,T,,,,,,,,,,,,,,,,,,,,,,
KY241691,,,T,,,,,,,,,,,,,,,,,,,,,,
MK269361,,,T,,,,,,,,,,,,,,,,,,,,,,
KY241673,,,T,,,,,,,,,,,,,,,,,,,,,,
KY241675,,,T,,,,,,,,,,,,,,,,,,,,,,
KY241676,,,T,,,,,,,,,,,,,,,,,,,,,,
KY241681,,,T,,,,,,,,,,,,,,,,,,,,,,
KY241782,,,T,,,,,,,,,,,,,,,,,,,,,,
KY241783,,,T,,,,,,,,,,,,,,,,,,,,,,
KY241679,,,T,,,,,,,,,,,,,,,,,,,,,,
KY241708,,,T,,,,,,,,,,,,,,,,,,,,,,
KY241709,,,T,,,,,,,,,,,,,,,,,,,,,,
KY241760,,,T,,,,,,,,,,,,,,,,,,,,,,
KY241761,,,T,,,,,,,,,,,,,,,,,,,,,,
KY241771,,,T,,,,,,,,,,,,,,,,,,,,,,
KY241784,,,T,,,,,,,,,,,,,,,,,,,,,,
KY241694,,,T,,,,,,,,,,,,,,,,,,,,,,
KY241682,,,T,,,,,,,,,,,,,,,,,,,,,,
KY241686,,,T,,,,,,,,,,,,,,,,,,,,,,
KY241693,,,T,,,,,,,,,,,,,,,,,,,,,,
KY241774,,,T,,,,,,,,,,,,,,,,,,,,,,
KY241699,,,T,,,,,,,,,,,,,,,,,,,,,,
KY241702,,,T,,,,,,,,,,,,,,,,,,,,,,
KY241705,,,T,,,,,,,,,,,,,,,,,,,,,,
KY241715,,,T,,,,,,,,,,,,,,,,,,,,,,
KY241718,,,T,,,,,,,,,,,,,,,,,,,,,,
KY241723,,,T,,,,,,,,,,,,,,,,,,,,,,
KY241724,,,T,,,,,,,,,,,,,,,,,,,,,,
KY241737,,,T,,,,,,,,,,,,,,,,,,,,,,
KY241736,,,T,,,,,,,,,,,,,,,,,,,,,,
KY241730,,,T,,,,,,,,,,,,,,,,,,,,,,
KY241787,,,T,,,,,,,,,,,,,,,,,,,,,,
KY241738,,,T,,,,,,,,,,,,,,,,,,,,,,
KY241695,,,T,,,,,,,,,,,,,,,,,,,,,,
KY241711,,,T,,,,,,,,,,,,,,,,,,,,,,
KY241719,,,T,,,,,,,,,,,,,,,,,,,,,,
KY241739,,,T,,,,,,,,,,,,,,,,,,,,,,
KY241763,,,T,,,,,,,,,,,,,,,,,,,,,,
KY241748,,,T,,,,,,,,,,,,,,,,,,,,,,
KY241741,,,T,,,,,,,,,,,,,,,,,,,,,,
KY241759,,,T,,,,,,,,,,,,,,,,,,,,,,
KY241775,,,T,,,,,,,,,,,,,,,,,,,,,,
KY241703,,,T,,,,,,,,,,,,,,,,,,,,,,
KY241755,,,T,,,,,,,,,,,,,,,,,,,,,,
KY241786,,,T,,,,,,,,,,,,,,,,,,,,,,
KY241744,,,T,,,,,,,,,,,,,,,,,,,,,,
KY241707,,,T,,,,,,,,,,,,,,,,,,,,,,
KY241757,,,T,,,,,,,,,,,,,,,,,,,,,,
KY241762,,,T,,,,,,,,,,,,,,,,,,,,,,
KY241764,,,T,,,,,,,,,,,,,,,,,,,,,,
KY241765,,,T,,,,,,,,,,,,,,,,,,,,,,
KY241768,,,T,,,,,,,,,,,,,,,,,,,,,,
KY241772,,,T,,,,,,,,,,,,,,,,,,,,,,
KY241773,,,T,,,,,,,,,,,,,,,,,,,,,,
KY241779,,,T,,,,,,,,,,,,,,,,,,,,,,
KY241785,,,T,,,,,,,,,,,,,,,,,,,,,,
KY241733,,,T,,,,,,,,,,,,,,,,,,,,,,
KY241742,,,T,,,,,,,,,,,,,,,,,,,,,,
KY241745,,,T,,,,,,,,,,,,,,,,,,,,,,
KY241746,,,T,,,,,,,,,,,,,,,,,,,,,,
KY241747,,,T,,,,,,,,,,,,,,,,,,,,,,
KY241750,,,T,,,,,,,,,,,,,,,,,,,,,,
KY241752,,,T,,,,,,,,,,,,,,,,,,,,,,
KY241753,,,T,,,,,,,,,,,,,,,,,,,,,,
KY241749,,,T,,,,,,,,,,,,,,,,,,,,,,
KY241690,,,T,,,,,,,,,,,,,,,,,,,,,,
KY241758,,,T,,,,,,,,,,,,,,,,,,,,,,
KY241780,,,T,,,,,,,,,,,,,,,,,,,,,,
KY241781,,,T,,,,,,,,,,,,,,,,,,,,,,
KY241776,,,T,,,,,,,,,,,,,,,,,,,,,,
KY241754,,,T,,,,,,,,,,,,,,,,,,,,,,
KY241698,,,T,,,,,,,,,,,,,,,,,,,,,,
KY241726,,,T,,,,,,,,,,,,,,,,,,,,,,
KY241778,,,T,,,,,,,,,,,,,,,,,,,,,,
KY241677,,,T,,,,,,,,,,,,,,,,,,,,,,
KY241684,,,T,,,,,,,,,,,,,,,,,,,,,,
KY241756,,,T,,,,,,,,,,,,,,,,,,,,,,
KY241685,,,T,,,,,,,,,,,,,,,,,,,,,,
KY241687,,,T,,,,,,,,,,,,,,,,,,,,,,
KY241751,,,T,,,,,,,,,,,,,,,,,,,,,,
KY241674,,,T,,,,,,,,,,,,,,,,,,,,,,
KY241689,,,T,,,,,,,,,,,,,,,,,,,,,,
KY241720,,,T,,,,,,,,,,,,,,,,,,,,,,
KY241777,,,T,,,,,,,,,,,,,,,,,,,,,,
KY241716,,,T,,,,,,,,,,,,,,,,,,,,,,
KY241740,,,T,,,,,,,,,,,,,,,,,,,,,,
KY241692,,,T,,,,,,,,,,,,,,,,,,,,,,
KY241767,,,T,,,,,,,,,,,,,,,,,,,,,,
KY241678,,,T,,,,,,,,,,,,,,,,,,,,,,
KY241704,,,T,,,,,,,,,,,,,,,,,,,,,,
KY241696,,,T,,,,,,,,,,,,,,,,,,,,,,
KY241714,,,T,,,,,,,,,,,,,,,,,,,,,,
KY241671,,,T,,,,,,,,,,,,,,,,,,,,,,
KY241729,,,T,,,,,,,,,,,,,,,,,,,,,,
MT377492,,,T,,,,,,,,,,,,,,,,,,,,,,
OQ661913,,,T,,,,,,,,,,,,,,,,,,,,,,
OQ661912,,,T,,,,,,,,,,,,,,,,,,,,,,
MF692778,,,T,,,,,,,,,,,,,,,,,,,,,,
MH013290,,,T,,,,,,,,,,,,,,,,,,,,,,
MT377495,,,T,,,,,,,,,,,,,,,,,,,,,,
OM964565,,,T,,,,,,,,,,,,,,,,,,,,,,
OQ661919,,,T,,,,,,,,,,,,,,,,,,,,,,
OR264633,,,T,,,,,,,,,,,,,,,,,,,,,,
OR264636,,,T,,,,,,,,,,,,,,,,,,,,,,
OR264640,,,T,,,,,,,,,,,,,,,,,,,,,,
OR264641,,,T,,,,,,,,,,,,,,,,,,,,,,
OM964567,,,T,,,,,,,,,,,,,,,,,,,,,,
ON142672,,,T,,,,,,,,,,,,,,,,,,,,,,
ON142673,,,T,,,,,,,,,,,,,,,,,,,,,,
OR264631,,,T,,,,,,,,,,,,,,,,,,,,,,
OR264634,,,T,,,,,,,,,,,,,,,,,,,,,,
OR264637,,,T,,,,,,,,,,,,,,,,,,,,,,
OR264632,,,T,,,,,,,,,,,,,,,,,,,,,,
OQ661917,,,T,,,,,,,,,,,,,,,,,,,,,,
ON142671,,,T,,,,,,,,,,,,,,,,,,,,,,
KY241712,,,T,,,,,,,,,,,,,,,,,,,,,,
OM964566,,,T,,,,,,,,,,,,,,,,,,,,,,
OR264635,,,T,,,,,,,,,,,,,,,,,,,,,,
OR264638,,,T,,,,,,,,,,,,,,,,,,,,,,
OR264639,,,T,,,,,,,,,,,,,,,,,,,,,,
OK054369,,,T,,,,,,,,,,,,,,,,,,,,,,TGTGGG
OM964568,,,T,,,,,,,,,,,,,,,,,,,,,,
OR264642,,,T,,,,,,,,,,,,,,,,,,,,,,
OR264644,,,T,,,,,,,,,,,,,,,,,,,,,,
ON142674,,,T,,,,,,,,,,,,,,,,,,,,,,
OR264643,,,T,,,,,,,,,,,,,,,,,,,,,,
OR264647,,,T,,,,,,,,,,,,,,,,,,,,,,
OR264645,,,T,,,,,,,,,,,,,,,,,,,,,,
OQ734448,,,T,,,,,,,,,,,,,,,,,,,,,,
KY785419,,,T,,,,,,,,,,,,,,,,,,,,,,
KY785457,,,T,,,,,,,,,,,,,,,,,,,,,,
KY014311,,,T,,,,,,,,,,,,,,,,,,,,,,
MF098770,,,T,,,,,,,,,,,,,,,,,,,,,,
KY014309,,,T,,,,,,,,,,,,,,,,,,,,,,
KY785484,,,T,,,,,,,,,,,,,,,,,,,,,,
OK054423,,,T,,,,,,,,,,,,,,,,,,,,,,
MK216692,,,T,,,,,,,,,,,,,,,,,,,,,,
KX694532,,,T,,,,,,,,,,,,,,,,,,,,,,TGTGGGGAAATCCATGGGTCT
MT377498,,,T,,,,,,,,,,,,,,,,,,,,,,
OQ661916,,,T,,,,,,,,,,,,,,,,,,,,,,
MT377503,,,T,,,,,,,,,,,,,,,,,,,,,,
KY241700,,,T,,,,,,,,,,,,,,,,,,,,,,
KU179098,,,T,,,,,,,,,,,,,,,,,,,,,,
KY014308,,,T,,,,,,,,,,,,,,,,,,,,,,
MH157196,,,T,,,,,,,,,,,,,,,,,,,,,,
MH157206,,,T,,,,,,,,,,,,,,,,,,,,,,
MK713750,,,T,,,,,,,,,,,,,,,,,,,,,,
MH157212,,,T,,,,,,,,,,,,,,,,,,,,,,
MK216720,,,T,,,,,,,,,,,,,,,,,,,,,,
KY014327,,,T,,,,,,,,,,,,,,,,,,,,,,
KY325467,,,T,,,,,,,,,,,,,,,,,,,,,,
OQ661915,,,T,,,,,,,,,,,,,,,,,,,,,,
OK054372,,,T,,,,,,,,,,,,,,,,,,,,,,
KY785412,,,T,,,,,,,,,,,,,,,,,,,,,,
PQ129494,,,T,,,,,,,,,,,,,,,,,,,,,,
PQ129495,,,T,,,,,,,,,,,,,,,,,,,,,,
PQ203661,,,T,,,,,,,,,,,,,,,,,,,,,,
MF801423,,,T,,,,,,,,,,,,,,,,,,,,,,
MK238037,,,T,,,,,,,,,,,,,,,,,,,,,,TGTGGGGAAATCCATGG
MK238038,,,T,,,,,,,,,,,,,,,,,,,,,,
KY785429,,,T,,,,,,,,,,,,,,,,,,,,,,
KY785449,,,T,,,,,,,,,,,,,,,,,,,,,,
KY785456,,,T,,,,,,,,,,,,,,,,,,,,,,
OL423652,,,T,,,,,,,,,,,,,,,,,,,,,,
OL423663,,,T,,,,,,,,,,,,,,,,,,,,,,
OL423658,,,T,,,,,,,,,,,,,,,,,,,,,,
OL423655,,,T,,,,,,,,,,,,,,,,,,,,,,
MK269353,,,T,,,,,,,,,,,,,,,,,,,,,,
MH063260,,,T,,,,,,,,,,,,,,,,,,,,,,
MK829154,,,T,,,,,,,,,,,,,,,,,,,,,,
OL423660,,,T,,,,,,,,,,,,,,,,,,,,,,
OL423668,,,T,,,,,,,,,,,,,,,,,,,,,,
OL423659,,,T,,,,,,,,,,,,,,,,,,,,,,
OL423661,,,T,,,,,,,,,,,,,,,,,,,,,,
OL423666,,,T,,,,,,,,,,,,,,,,,,,,,,
OL423669,,,T,,,,,,,,,,,,,,,,,,,,,,
MH063263,,,T,,,,,,,,,,,,,,,,,,,,,,
OL423662,,,T,,,,,,,,,,,,,,,,,,,,,,
MF434518,,,T,,,,,,,,,,,,,,,,,,,,,,
MF434519,,,T,,,,,,,,,,,,,,,,,,,,,,
MF434520,,,T,,,,,,,,,,,,,,,,,,,,,,
OL423651,,,T,,,,,,,,,,,,,,,,,,,,,,
OK054373,,,T,,,,,,,,,,,,,,,,,,,,,,
MH157197,,,T,,,,,,,,,CTGGCCCGG,,,,,,,,,,,A,,
MH157210,,,T,,,,,,,,,,,,,,,,,AAGTTAGGAAGGACACACAAGAGTGGAAACCCTCAACTGGATGGGACAACTGGGAAGAAGTTCCGTTTT,GTGGTTCCC,,,,
MH157207,,,T,,,,,,,,,,,,,,,,,,,TCTCATAGGGCACA,,,
MF801404,,,T,,,,,,,,,,,,,,,,,,,,,,
MF801385,,,T,,,,,,,,,,,,,,,,,,,,,,
KY785430,,,T,,,,,,,,,,,,,,,,,,,,,,
KY785474,,,T,,,,,,,,,,,,,,,,,,,,,,
OL423653,,,T,,,,,,,,,,,,,,,,,,,,,,
MK269354,,,T,,,,,,,,,,,,,,,TG,,,,,,,
MK216709,,,T,,,,,,,,,,,,,,,,,,,,,,
KY325471,,,T,,,,,,,,,,,,,,,,,,,,,,
MF801407,,,T,,,,,,,,,,,,,,,,,,,,,,
MH063259,,,T,,,,,,,,,,,,,,,,,,,,,,
KY785473,,,T,,,,,,,,,,,,,,,,,,,,,,
KY325466,,,T,,,,,,,,,,,,,,,,,,,,,,
KY325480,,,T,C,,A,,,,,,,,,,,,,,,,,,,
KY785448,,,G,,,,,,,,,,,,,,,,,,,,,,
OL423667,,,A,,,,,,,,,,,,,,,,,,,,,,
OL423650,,,A,,,,,,,,,,,,,,,,,,,,,,
MT439641,,,,A,,,,,,,,,,,,,,,,,,,,,
MT439642,,,,A,,,,,,,,,,,,,,,,,,,,,
MT439646,,,,A,,,,,,,,,,,,,,,,,,,,,
MT439645,,,,A,,,,,,,,,,,,,,,,,,,,,
MT439643,,,,A,,,,,,,,,,,,,,,,,,,,,
MT439647,,,,A,,,,,,,,,,,,,,,,,,,,,
MT439644,,,,A,,,,,,,,,,,,,,,,,,,,,
KU940227,,,,,CTG,,,,,,,,,,,,,,,,,,,,
KX101064,,,,,T,,,,,,,,,,,,CAC,,,,,,,,
KX986761,,,,,,,,,,,,,,,CCTTAGA,GTTA,,,,,,,,,
KY606271,,,,,,,,,,,,,,,,,,,,,,,,,TGTGGGGAAATC
